正股代码,正股名称,转债名称,状态,交易所,正股价,配10张需股数,评级,每股配债额(元),百元含权(元),保守版持股数,保守版投入(元),保守版安全垫(%),激进版持股数,激进版投入(元),激进版安全垫(%),有取整优势,同意注册日期,股权登记日,申购日,登记日次日开盘涨幅(%),登记日次日最低涨幅(%),登记日次日收盘涨幅(%)
301215,中汽股份,中汽转债,已过登记日,深市,5.26,1275,AA+,0.7843,14.91,1300,6838.0,8.5,1300,6838.0,8.34,否,2026-06-10,2026-06-10,2026-06-10,-6.63,-10.75,-9.86
688377,迪威尔,迪威转债,已过登记日,沪市,23.63,258,AA-,3.876,16.4,300,7089.0,9.35,200,4726.0,12.06,是,2026-06-03,2026-06-03,2026-06-03,-7.54,-12.4,-9.12
000422,湖北宜化,宜化转债,已过登记日,深市,13.26,330,AA+,3.0303,22.85,400,5304.0,13.03,400,5304.0,10.75,否,2026-06-25,2026-06-25,2026-06-25,-7.51,-8.0,-7.79
301499,维科精密,维科转债,已过登记日,深市,29.9,220,A+,4.5455,15.2,300,8970.0,8.67,300,8970.0,6.35,否,2026-06-25,2026-06-25,2026-06-25,-10.26,-13.9,-12.32
605589,圣泉集团,圣泉转债,已过登记日,沪市,66.71,339,AA+,2.9499,4.42,400,26684.0,2.52,200,13342.0,4.27,是,2026-06-24,2026-06-24,2026-06-24,-1.72,-4.57,10.0
688668,鼎通科技,鼎通转债,已过登记日,沪市,376.01,150,A+,6.6667,1.77,200,75202.0,1.01,100,37601.0,1.52,是,2026-06-23,2026-06-23,2026-06-23,-2.75,-2.75,-0.47
600456,宝钛股份,宝钛转债,已过登记日,沪市,26.4,135,AAA,7.4074,28.06,200,5280.0,15.99,100,2640.0,21.59,是,2026-06-23,2026-06-23,2026-06-23,-9.22,-9.85,-8.17
688200,华峰测控,华峰转债,已过登记日,沪市,469.1,268,AA,3.7313,0.8,300,140730.0,0.45,200,93820.0,0.61,是,2026-06-22,2026-06-22,2026-06-22,-0.71,-0.71,3.98
688484,南芯科技,南芯转债,已过登记日,沪市,50.26,269,AA+,3.7175,7.4,300,15078.0,4.22,200,10052.0,5.67,是,2026-06-17,2026-06-17,2026-06-17,-2.26,-2.47,-0.41
301059,金三江,三江转债,已过登记日,深市,11.18,794,A+,1.2594,11.27,800,8944.0,6.42,800,8944.0,6.37,否,2026-06-16,2026-06-16,2026-06-16,-10.33,-12.86,-12.38
603809,豪能股份,豪26转债,已过登记日,沪市,8.64,512,AA-,1.9531,22.61,600,5184.0,12.89,300,2592.0,21.99,是,2026-06-12,2026-06-12,2026-06-12,-7.52,-7.52,-4.67
603270,金帝股份,金帝转债,已过登记日,沪市,31.59,226,AA,4.4248,14.01,300,9477.0,7.98,200,6318.0,9.02,是,2026-06-12,2026-06-12,2026-06-12,-6.61,-6.71,-0.52
688092,爱科科技,爱科转债,已过登记日,沪市,21.2,310,AA-,3.2258,15.22,400,8480.0,8.67,200,4240.0,13.44,是,2026-06-10,2026-06-10,2026-06-10,-14.21,-19.71,-17.14
603129,春风动力,春风转债,已过登记日,沪市,244.0,71,AA+,14.0845,5.77,100,24400.0,3.29,100,24400.0,2.34,否,2026-06-09,2026-06-09,2026-06-09,-2.73,-5.62,-5.0
603112,华翔股份,翔26转债,已过登记日,沪市,17.03,416,AA-,2.4038,14.12,500,8515.0,8.05,300,5109.0,11.16,是,2026-06-05,2026-06-05,2026-06-05,-7.58,-10.0,-10.0
688278,特宝生物,待定,预案,沪市,52.93,267,-,3.7453,7.08,300,15879.0,4.03,200,10586.0,5.38,是,2026-06-26,,,,,
000887,中鼎股份,待定,预案,深市,17.35,686,-,1.4577,8.4,700,12145.0,4.79,700,12145.0,4.69,否,2026-06-23,,,,,
002997,瑞鹄模具,待定,预案,深市,28.26,306,-,3.268,11.56,400,11304.0,6.59,400,11304.0,5.04,否,2026-06-23,,,,,
300953,震裕科技,待定,预案,深市,128.2,130,-,7.6923,6.0,200,25640.0,3.42,200,25640.0,2.22,否,2026-06-23,,,,,
301000,肇民科技,待定,预案,深市,30.88,413,-,2.4213,7.84,500,15440.0,4.47,500,15440.0,3.69,否,2026-06-24,,,,,
603163,圣晖集成,待定,预案,沪市,135.58,182,-,5.4945,4.05,200,27116.0,2.31,100,13558.0,4.2,是,2026-06-17,,,,,
600389,江山股份,待定,预案,沪市,19.78,364,-,2.7473,13.89,400,7912.0,7.92,200,3956.0,14.41,是,2026-06-18,,,,,
301132,满坤科技,待定,预案,深市,55.2,195,-,5.1282,9.29,200,11040.0,5.3,200,11040.0,5.16,否,2026-06-12,,,,,
605123,派克新材,待定,预案,沪市,95.05,77,-,12.987,13.66,100,9505.0,7.79,100,9505.0,6.0,否,2026-06-12,,,,,
301628,强达电路,待定,预案,深市,108.12,138,-,7.2464,6.7,200,21624.0,3.82,200,21624.0,2.64,否,2026-06-12,,,,,
301459,丰茂股份,待定,预案,深市,31.3,172,-,5.814,18.57,200,6260.0,10.59,200,6260.0,9.11,否,2026-06-11,,,,,
301565,中仑新材,待定,预案,深市,24.11,375,-,2.6667,11.06,400,9644.0,6.3,400,9644.0,5.91,否,2026-06-05,,,,,
002550,千红制药,待定,预案,深市,5.98,1280,-,0.7812,13.06,1300,7774.0,7.45,1300,7774.0,7.33,否,2026-06-05,,,,,
300631,久吾高科,待定,预案,深市,23.2,417,-,2.3981,10.34,500,11600.0,5.89,500,11600.0,4.91,否,2026-06-05,,,,,
300453,三鑫医疗,待定,预案,深市,8.91,986,-,1.0142,11.38,1000,8910.0,6.49,1000,8910.0,6.4,否,2026-06-05,,,,,
688605,先锋精科,待定,预案,沪市,99.0,271,-,3.69,3.73,300,29700.0,2.12,200,19800.0,2.88,是,2026-06-04,,,,,
603067,振华股份,待定,预案,沪市,42.74,861,-,1.1614,2.72,900,38466.0,1.55,500,21370.0,2.67,是,2026-06-02,,,,,
688480,赛恩斯,待定,预案,沪市,89.69,169,-,5.9172,6.6,200,17938.0,3.76,100,8969.0,6.36,是,2026-06-01,,,,,
688686,奥普特,待定,预案,沪市,154.2,97,-,10.3093,6.69,100,15420.0,3.81,100,15420.0,3.7,否,2026-05-29,,,,,
603339,四方科技,待定,预案,沪市,14.26,303,-,3.3003,23.14,400,5704.0,13.19,200,2852.0,19.99,是,2026-05-21,,,,,
603786,科博达,待定,预案,沪市,41.15,271,-,3.69,8.97,300,12345.0,5.11,200,8230.0,6.93,是,2026-05-20,,,,,
300815,玉禾田,待定,预案,深市,16.67,266,-,3.7594,22.55,300,5001.0,12.85,300,5001.0,11.4,否,2026-04-22,,,,,
002913,奥士康,待定,预案,深市,63.96,318,-,3.1447,4.92,400,25584.0,2.8,400,25584.0,2.23,否,2026-04-02,,,,,
600642,申能股份,待定,预案,沪市,8.63,2445,-,0.409,4.74,2500,21575.0,2.7,1300,11219.0,5.08,是,2026-03-18,,,,,
